file,caption,md5,referenced in
FOXP3_eF570/Tonsil_FOXP3_eF570_Thermo_41-4777-82_Picture1.jpg,"Human tonsil FFPE : FOXP3 (yellow, catalog number 41-4777-82) and Hoechst (blue, catalog number 40046)",0b5efbd79564732df1ce7a37cb2f6737,['FOXP3_eF570/0000-0003-4379-8967.md']
Glutamine_synthetase_CoraLite_Plus_AF488/Glutamine_Synthetase_CoraLitePlusAF488_CL488-66323.jpg,"Human retina: Glutamine synthetase (green, catalog number CL488-66323) and Hoechst (blue, catalog number 40046)",4be3f38dfbc6483fc983bdef739f04a3,['Glutamine_synthetase_CoraLite_Plus_AF488/0000-0003-2088-8310.md']
BCL6_AF647/BCL6_AF647_BD_561525_BCL2_AF647_BioLegend_658705.jpg,"Human lymph node: BCL6 (red, catalog number 561525) and BCL2 (cyan, catalog number 658705)",21a5ae881a44a1fcd607eb210dace30b,['BCL6_AF647/0000-0003-4379-8967.md']
Alpha_smooth_muscle_actin_eF570/Spleen_aSMA_eF570_Thermo_41-9760-82_CD138_PE_BioLegend_356504.jpeg,"Human spleen: CD138 (red, catalog number 356504) and aSMA (cyan, catalog number 41-9760-82)",5d4b21ee58e72648557b262e92cd55d1,"['Alpha_smooth_muscle_actin_eF570/0000-0003-4379-8967.md', 'CD138_PE/0000-0003-4379-8967.md']"
CD11c_AF647/Mouse_Spleen_CD11c_CD68.jpg,"Mouse spleen: CD11c (cyan, catalog number 117312) and CD68 (red, catalog number 137017)",2aa5a151b8e3a8347139661be11ff0c2,"['CD11c_AF647/0000-0003-4379-8967.md', 'CD68_BV421/0000-0003-4379-8967.md']"
CD11c_AF647/Mouse_Spleen_Hochest_Blue_CD11c_Magenta_Biolegend_117314.jpg,Mouse Spleen Hochest (Blue) CD11c (Magenta Biolegend #117314),1570e34e38177397fecec2054d666e8f,['CD11c_AF647/0000-0002-6944-6997.md']
CD11c_AF647/Mouse_Lymph_Node_CD11c_CD64.jpg,"Mouse lymph node: CD11c (red, catalog number 117312) and CD64 (cyan, catalog number 139322)",10fdf9a024dd4590d313082aaf540343,"['CD11c_AF647/0000-0003-4379-8967.md', 'CD64_AF647/0000-0003-4379-8967.md']"
IgD_AF488/IgD_AF488_LN_BioLegend_348216.jpg,"Human lymph node: IgD (magenta, catalog number 348216)",c8922edc8e0e5e3b3f459d311bd757af,['IgD_AF488/0000-0003-4379-8967.md']
IgD_AF488/Human_LN_IgD_PD-1.jpg,"Human lymph node: IgD (blue, catalog number 348216) and PD-1 (green, catalog number 329906)",1cb632c43e4ad5310165e361f5cd1c74,"['IgD_AF488/0000-0003-4379-8967.md', 'PD-1_PE/0000-0003-4379-8967.md']"
Cytokeratin_14_Unconjugated/Human_Skin_Keratin14_CD44.jpg,"Human skin: Keratin 14 (yellow, catalog number 906004 and A-32932) and CD44 (purple, catalog number 103016)",1f5a4ad6457069d0acc05e019357fef0,"['Cytokeratin_14_Unconjugated/0000-0002-5187-810X.md', 'CD44_AF488/0000-0003-4379-8967.md']"
Phospho-Akt_Unconjugated/FL_FFPE_Phospho-Akt_CST_4060T.jpg,"Human follicular lymphoma FFPE: Phospho-Akt (red, catalog number 4060T)",1ba6e6f928fbeb39085741110c8176f9,['Phospho-Akt_Unconjugated/0000-0003-4379-8967.md']
Lumican_Unconjugated/Lumican_AF2846_DaGAF680_FL_FFPE_pH6and9.jpg,"Human follicular lymphoma FFPE : Lumican (cyan, catalog number AF2846 and A-21084)",abce37b54bf5ac6bc6458bcc54f56f3e,['Lumican_Unconjugated/0000-0003-4379-8967.md']
EpCAM_AF594/Mouse_Gut_EpCAM_CD8_CD31.jpg,"Mouse gut: EpCAM (magenta, catalog number 118222), CD8 (blue, catalog number 100738), and CD31 (green, catalog number 102516)",3e2b30511e3414b382a9b02e02ea7178,"['EpCAM_AF594/0000-0003-4379-8967.md', 'CD8_BV421/0000-0003-4379-8967.md']"
EpCAM_AF594/Mouse_Gut_EpCAM_IgD_CD11c.jpg,"Mouse gut: EpCAM (blue, catalog number 118222), IgD (red, catalog number 405730), and CD11c (cyan, catalog number 117312)",d412293d2e922c14dffa8b1544749307,"['EpCAM_AF594/0000-0003-4379-8967.md', 'IgD_AF700/0000-0003-4379-8967.md']"
EpCAM_AF594/Mouse_Gut_EpCAM_CD117_B220.jpg,"Mouse gut: EpCAM (cyan, catalog number 118222), B220 (purple, catalog number 103248), and CD117 (yellow, catalog number 105827)",e164a281991499b1426ca401ec12c51b,"['EpCAM_AF594/0000-0003-4379-8967.md', 'CD117_BV421/0000-0003-4379-8967.md']"
EpCAM_AF594/Mouse_Gut_EpCAM_CD31_MHCII.jpg,"Mouse gut: EpCAM (blue, catalog number 118222), CD31 (magenta, catalog number 102516), and MHCII (green, catalog number 107622)",ecd14a76efe662cdf549885d3263d47c,"['EpCAM_AF594/0000-0003-4379-8967.md', 'CD31_AF647/0000-0003-4379-8967.md']"
Collagen_IV_Unconjugated/CollagenIV_LN_Abcam_Ab6586.jpg,"Human lymph node: Hoechst (blue, catalog number 40046) and Collagen IV (red, catalog number ab6586)",73b593e227836fbbce55666530067d2c,"['Collagen_IV_Unconjugated/0000-0003-4379-8967.md', 'Hoechst_33342_NA/0000-0003-4379-8967.md']"
F4_80_BV421/Mouse_Lymph_Node_F480_CD68_NK1.1.jpg,"Mouse lymph node: F4/80 (cyan, catalog number 123132), CD68 (blue, catalog number 137017) and NK1.1 (magenta, catalog number 108731)",9392cd8567f7b71df3b9533147a9844b,"['F4_80_BV421/0000-0003-4379-8967.md', 'CD68_BV421/0000-0003-4379-8967.md']"
CD45_AF700/FL_FFPE_CD45_NBP2-34528AF700.jpg,"Human follicular lymphoma FFPE: CD45 (magenta, catalog number NBP2-34528AF700)",cbe9b48bbe9c8d1781a0e92ac6ef1380,['CD45_AF700/0000-0003-4379-8967.md']
Tubulin_beta-3_chain_AF532/Mouse_Lung_Btub3_CD68_CD44.jpg,"Mouse lung: Beta-tubulin 3 (yellow, based on catalog number 657402), CD68 (cyan, catalog number 137017), and CD44 (magenta, catalog number 103018)",6f3608be782dfa67e0affa1b598ea66e,"['Tubulin_beta-3_chain_AF532/0000-0003-4379-8967.md', 'CD68_BV421/0000-0003-4379-8967.md']"
Chx10_AF546/Chx10_AF546_Santa_Cruz_sc-365519.jpg,"Human retina: Chx10 (cyan, catalog number sc-365519) and Hoechst (blue, catalog number 40046)",c9810d7c58a8a01c46c7d23513d17899,['Chx10_AF546/0000-0003-2088-8310.md']
Ki-67_AF660/Mouse_Brain_Tumor_Hochest_Blue_Iba_Cyan_Fuji_019_19741_mCherry_Red_Novus_NBP2_25158_Ki67_Magenta_Thermo_606_5698_82.jpg,"Mouse Brain Tumor Hochest (Blue) Iba (Cyan, Fuji #019-19741) mCherry (Red, Novus #NBP2-25158) Ki67 (Magenta Thermo #606-5698-82)",f757ac653302ae5568cfb2e6ed85a46e,['Ki-67_AF660/0000-0002-6944-6997.md']
LYVE-1_AF532/Hoechst_LYVE1_RD_AF2089_Desmin_Abcam_Ab185033.jpg,"Human lymph node: LYVE-1 (yellow, catalog number AF2089), Desmin (cyan, catalog number ab185033), and Hoechst (blue, catalog number 40046)",eeb6cad529666e8bdacdb71bcd6a93d1,"['LYVE1_AF532/0000-0003-4379-8967.md', 'Desmin_AF488/0000-0003-4379-8967.md']"
CD8_BV421/Mouse_Thymus_CD8_CD11c.jpg,"Mouse thymus: CD8 (blue, catalog number 100738) and CD11c (magenta, catalog number 117312)",f7b5ebb7836ec785a28dde1c0b42ea48,"['CD11c_AF647/0000-0003-4379-8967.md', 'CD8_BV421/0000-0003-4379-8967.md']"
CD8_BV421/Mouse_Lymph_Node_CD8_DEC205_CD169.jpg,"Mouse lymph node: CD8 (cyan, catalog number 100738), DEC205 (purple, catalog number 138204), and CD169 (yellow, catalog number 142404)",6fe83e0afde61c6fb5f27937cc664ab9,"['CD8_BV421/0000-0003-4379-8967.md', 'DEC205_AF647/0000-0003-4379-8967.md']"
CD8_BV421/Mouse_Liver_CD8_CD44_NK1.1.jpg,"Mouse liver: CD8 (cyan, catalog number 100738), CD44 (blue, catalog number 103026), and NK1.1 (red, catalog number 108731)",199b6d16bb9918d1912ca577be89f353,"['CD8_BV421/0000-0003-1431-1398.md', 'CD44_AF700/0000-0003-1431-1398.md']"
CD15_Unconjugated/Spleen_CD15_BD_347420_IgM_AF488_JacksonIR_715-545-020_Vimentin_AF532_BioLegend_677802.jpeg,"Human spleen: CD15 (cyan, catalog number 347420 and 715-545-020) and Vimentin (red, based on catalog number 677802)",8eeac19737eb4e1c44573567d55daa68,"['CD15_Unconjugated/0000-0003-4379-8967.md', 'Vimentin_AF532/0000-0003-4379-8967.md', 'Mouse_IgM_AF488/0000-0003-4379-8967.md']"
Calbindin_Unconjugated/Calbindin_Unconjugated_MilliporeSigma_ABN2192.jpg,"Human retina: Calbindin (magenta, catalog number ABN2192) and Hoechst (blue, catalog number 40046)",b23b6fffb480384490e802cc9112dae4,['Calbindin_Unconjugated/0000-0003-2088-8310.md']
Vimentin_AF532/Human_Spleen_CD4_Vimentin.jpg,"Human spleen: CD4 (cyan, catalog number 300520) and Vimentin (red, based on catalog number 677802)",eba9830e343fe443ce7f80dbb7f382fb,"['Vimentin_AF532/0000-0003-4379-8967.md', 'CD4_AF647/0000-0003-4379-8967.md']"
Glutamine_synthetase_AF488/FL_FFPE_GS_AF488_Ab302584.jpg,"Human follicular lymphoma FFPE: Glutamine synthetase (cyan, catalog number Ab302584)",034ceca1242fcd983650a9776f9bf798,['Glutamine_synthetase_AF488/0000-0003-4379-8967.md']
Glutamine_synthetase_AF647/FL_FFPE_GS_AF647_NBP2-70834AF647.jpg,"Human follicular lymphoma FFPE: Glutamine synthetase (magenta, catalog number NBP2-70834AF647)",593b41ade38e58aa9de107de6f6195d9,['Glutamine_synthetase_AF647/0000-0003-4379-8967.md']
BCL2_AF647/Human_LN_BCL2_CD3.jpg,"Human lymph node: BCL2 (cyan, catalog number 658705) and CD3 (purple, catalog number 300446)",414bbcc46aa1a6abce158ff5d4e5ff1c,"['BCL2_AF647/0000-0003-4379-8967.md', 'CD3_AF594/0000-0003-4379-8967.md']"
DC-SIGN_AF647/DCSIGN_AF647_BioLegend_330112_Vimentin_AF532_BioLegend.jpg,"Human lymph node: DC-SIGN (magenta, catalog number 330112) and Vimentin (yellow, based on catalog number 677802)",12b18b4505b9e8e3c552aa8a76f919a6,"['Vimentin_AF532/0000-0003-4379-8967.md', 'DC-SIGN_AF647/0000-0003-4379-8967.md']"
CD21_AF532/Human_Spleen_CD21_CD54.jpg,"Human spleen: CD21 (red, based on catalog number 354902) and CD54 (blue, catalog number 353114)",1bdd152d09d2a235d397110be18632d7,"['CD21_AF532/0000-0003-4379-8967.md', 'CD54_AF647/0000-0003-4379-8967.md']"
CD21_AF532/Human_LN_CD21_CD44.jpg,"Human lymph node: CD21 (yellow, based on catalog number 354902) and CD44 (blue, catalog number 103016)",f8e3b3da5e39bc52ee8645e390833309,"['CD21_AF532/0000-0003-4379-8967.md', 'CD44_AF532/0000-0003-4379-8967.md', 'CD44_AF488/0000-0003-4379-8967.md', 'CD21_AF488/0000-0003-4379-8967.md']"
Opsin_Blue_Unconjugated/Opsin_Blue_Unconjugated_MilliporeSigma_AB5407.jpg,"Human retina: Opsin Blue (yellow, catalog number AB5407) and Hoechst (blue, catalog number 40046)",7744fcfadd31cdb2ef8c7661c80e6717,['Opsin_Blue_Unconjugated/0000-0003-2088-8310.md']
CD61_FITC/Spleen_CD61_FITC_Miltenyi_130-098-683_CD163_AF532_BioLegend_333602.jpeg,"Human spleen: CD163 (magenta, based on catalog number 333602) and CD61 (green, catalog number 130-098-683)",37a9e81d140229d34f3ce2fcdedc4fcd,['CD61_FITC/0000-0002-3882-457X.md']
CD4_AF647/Mouse_Tumor_Brain_Hochest_Blue_mCherry_green_Novus_NBP2_25158_CD4_Magenta_Biolegend_100533.jpg,"Mouse Brain Tumor Hochest (Blue) mCherry (green, Novus #NBP2-25158 ) CD4 (Magenta, Biolegend #100533)",80708dbe74b5e10dd7184fa24f3f1c6c,['CD4_AF647/0000-0002-6944-6997.md']
CD4_AF647/Mouse_Spleen_Hochest_Blue_CD4_Magenta_Biolegend_100533.jpg,Mouse Spleen Hochest (Blue) CD4 (Magenta Biolegend #100533),c824537554642c07c01dbf78bd7e927c,['CD4_AF647/0000-0002-6944-6997.md']
CD4_AF647/Human_LN_CD4_CD31.jpg,"Human lymph node: CD4 (cyan, catalog number 300520) and CD31 (magenta, catalog number 303106)",3757b69d52b944f972136bbfce270a32,"['CD31_PE/0000-0003-4379-8967.md', 'CD4_AF647/0000-0003-4379-8967.md']"
CD21_PE/CD21_PE_FL_pH6.jpg,"Human follicular lymphoma FFPE : CD21 (yellow, catalog number ab306325) Antigen retrieval, pH 6",160c08c0fe118515d51dd428d9e1f600,['CD21_PE/0000-0003-4379-8967.md']
CD21_PE/CD21_PE_FL_pH6and9.jpg,"Human follicular lymphoma FFPE : CD21 (yellow, catalog number ab306325) Antigen retrieval, pH 6 and pH 9",7ab9d38f3d8233a2ba70ead5fec20603,['CD21_PE/0000-0003-4379-8967.md']
CD38_AF700/Human_LN_CD38_Clec9a.jpg,"Human lymph node: CD38 (blue, catalog number 303524) and Clec9a (magenta, based on catalog number 353802)",72ca035e97a8708a2b9cfb72d30e7762,"['CD38_AF700/0000-0003-4379-8967.md', 'CLEC9a_AF488/0000-0003-4379-8967.md']"
CD35_PE/Human_LN_CD117_CD66b_CD35.jpg,"Human lymph node: CD35 (blue, catalog number 333406), CD117 (yellow, catalog number 313234), and CD66b (magenta, catalog number 305110)",023506eb6735c69d4bc01277463b3053,"['CD35_PE/0000-0003-4379-8967.md', 'CD117_AF488/0000-0003-4379-8967.md']"
CXCL13_AF532/CXCL13_RD_AF801_Lumican_RD_AF2846.jpg,"Human lymph node: CXCL13 (blue, catalog number AF801) and Lumican (magenta, catalog number AF2846)",efd0547ca9e04af1105cffb953ac2736,"['Lumican_AF532/0000-0003-4379-8967.md', 'CXCL13_AF532/0000-0003-4379-8967.md']"
PD-1_AF555/PD1_AF555_FL_Lymph_Node.jpg,"Human FFPE follicular lymphoma lymph node: CTLA-4 (yellow, catalog number ab270127 and PD-1 (cyan, catalog number ab275126)",eeec217adfe59b0d5244b69da09d1ff6,"['PD-1_AF555/0000-0003-4379-8967.md', 'HLA-DR_AF488/0000-0003-4379-8967.md', 'CTLA4_AF647/0000-0003-4379-8967.md']"
HuC_HuD_neuronal_protein_Unconjugated/HuC_HuD_Unconjugated_Thermo_A21271.jpg,"Human retina: HuC/HuD neuronal protein (magenta, catalog number A21271) and Hoechst (blue, catalog number 40046)",c9a01a9973ad7db6619644b103f12674,['HuC_HuD_neuronal_protein_Unconjugated/0000-0003-2088-8310.md']
CD23_AF532/Human_LN_CD23_CD106.jpg,"Human lymph node: CD23 (yellow, based on catalog number 338502) and CD106 (blue, catalog number 305806)",008f43d11a7056f946ce5f3672908f66,"['CD23_AF532/0000-0003-4379-8967.md', 'CD106_PE/0000-0003-4379-8967.md']"
CD23_AF532/CD23_LN_BioLegend_338502_Custom_Ki67_BDBiosciences_561277.jpg,"Human lymph node: CD23 (magenta, based on catalog number 338502) and Ki-67 (green, catalog number 561277)",bd0c2d2ba50e6183ce267cf5c0f9d370,"['CD23_AF532/0000-0003-4379-8967.md', 'Ki-67_AF700/0000-0003-4379-8967.md']"
CD94_AF488/CD94_AF488_BioLegend_305506_CD45_PEAF594_CapricoBiotech_1016185.jpg,"Human lymph node: CD94 (cyan, catalog number 305506) and CD45 (purple, catalog number 1016185)",c005b33c1f90d65614b0add24dce9611,"['CD45_PE_iF594/0000-0003-4379-8967.md', 'CD94_AF488/0000-0003-4379-8967.md']"
DEC205_AF647/Mouse_Thymus_DEC205_SIRPa.jpg,"Mouse thymus: DEC205 (magenta, catalog number 138204) and SIRPalpha (cyan, catalog number 144024)",74fef0a04449ea922e89a14bf3978fb5,"['SIRPalpha_AF488/0000-0003-4379-8967.md', 'DEC205_AF647/0000-0003-4379-8967.md']"
CD54_AF647/Human_Liver_CD54_CD138.jpg,"Human liver: CD54 (cyan, catalog number 353114) and CD138 (purple, catalog number 356504)",e5190893aabff3c6ed042603d5c55d32,"['CD54_AF647/0000-0003-4379-8967.md', 'CD138_PE/0000-0003-4379-8967.md']"
CD54_AF647/Human_Jejunum_Hoechst_CD54_Vimentin.jpg,"Human jejunum: Hoechst (blue, catalog number 40046), CD54 (green, catalog number 353114), and Vimentin (magenta, catalog number 677807)",48f2b7e03aabbc449c1854fc48748331,"['CD54_AF647/0000-0003-4379-8967.md', 'Vimentin_AF647/0000-0003-4379-8967.md']"
CD3_iF594/Spleen_CD3_iF594_CapricoBio_1053135_CD8_AF488_BioLegend_344716.jpeg,"Human spleen: CD8 (cyan, catalog number 344716) and CD3 (red, catalog number 1053135)",ac59abef988bbcb728ee3cc277a406be,"['CD3_iF594/0000-0003-4379-8967.md', 'CD8_AF488/0000-0003-4379-8967.md']"
CD69_AF647/CD69_AF647_BioLegend_310918_CD44_BioLegend_103018.jpg,"Human lymph node: CD69 (red, catalog number 310918) and CD44 (cyan, catalog number 103018)",b4dfe28cd88f40c3ad385ea13086bb01,"['CD69_AF647/0000-0003-4379-8967.md', 'CD44_AF647/0000-0003-4379-8967.md']"
CD163_AF647/CD163_AF647_BioLegend_333620_CD20_AF488_Thermo_53-0202-82.jpg,"Human lymph node: CD163 (magenta, catalog number 333620) and CD20 (cyan, catalog number 53-0202-82)",25064cb2006b81f15a5995d370ac9ec5,"['CD163_AF647/0000-0003-4379-8967.md', 'CD20_AF488/0000-0003-4379-8967.md']"
CD163_AF647/Human_LN_CD163_CD4.jpg,"Human lymph node: CD163 (red, catalog number 333620) and CD4 (blue, catalog number 300519)",1caacefee834743d8b328ccb0bb17bfd,"['CD4_AF488/0000-0003-4379-8967.md', 'CD163_AF647/0000-0003-4379-8967.md']"
PNA_AF488/Lectin_PNA_AF488_Thermo_L21409.jpg,"Human retina: Lectin PNA (green, catalog number L21409) and Hoechst (blue, catalog number 40046)",fcd4317d3dece15489c395c2b59ea7fa,['PNA_AF488/0000-0003-2088-8310.md']
PI3_Kinase_p110_delta_Unconjugated/Tonsil_PI3Kinasep110AF594_CST_19591.jpg,"Human tonsil FFPE: PI3 Kinase p110 delta (cyan, catalog number 19591S)",85adf66f099f9aa8574de59a28eafcac,['PI3_Kinase_p110_delta_Unconjugated/0000-0003-4379-8967.md']
Alpha_smooth_muscle_actin_AF488/aSMA_AF488_LN_Thermo_53-9760-82.jpg,"Human lymph node: Alpha smooth muscle actin (red, catalog number 53-9760-82)",081dfbb8c91c4b3ac166d0e05f231ef0,['Alpha_smooth_muscle_actin_AF488/0000-0003-4379-8967.md']
Alpha_smooth_muscle_actin_AF488/Alpha_smooth_muscle_actin_AF488_Thermo_53-9760-82.jpg,"Human retina: Alpha smooth muscle actin (cyan, catalog number 53-9760-82) and Hoechst (blue, catalog number 40046)",65d60fae785ee3281a8ceb5c02c56dd5,['Alpha_smooth_muscle_actin_AF488/0000-0003-2088-8310.md']
CD68_iF594/Spleen_CD44_AF647_BioLegend_103018_CD68_iF594_CapricoBio_1064135.jpeg,"Human spleen: CD44 (cyan, catalog number X) and CD68 (magenta, catalog number 1064135)",2c16459e82c953c0a19987123cd59f2b,['CD68_iF594/0000-0003-4379-8967.md']
CD10_PE/CD10_PE_LN_BioLegend_312204.jpg,"Human lymph node: CD10 (red, catalog number 312204) and Hoechst (cyan, catalog number 40046)",91c577da09a72976805158eeefe45134,['CD10_PE/0000-0003-4379-8967.md']
CD31_AF647/Mouse_Brain_Tumor_Hochest_Blue_mCherry_Green_Novus_NBP2_25158_CD31_Magenta_Biolegend_102515.jpg,Mouse Brain Tumor Hochest(Blue) mCherry (Green Novus #NBP2-25158) CD31(Magenta Biolegend #102515),e77c70666f84f6e8362a94524502b4cf,['CD31_AF647/0000-0002-6944-6997.md']
CD44_AF532/Human_Liver_Keratin7_CD44_CD45.jpg,"Human liver: Cytokeratin 7 (green, catalog number 601606), CD44 (blue, based on catalog number 103002) and CD45 (magenta, catalog number 304060)",6692dedb636b31c93e912fdcffd6cea6,"['Cytokeratin_7_AF488/0000-0002-3218-4479.md', 'CD44_AF532/0000-0003-4379-8967.md']"
CD44_AF532/Mouse_Thymus_CD44_TCRgt.jpg,"Mouse thymus: CD44 (blue, based on catalog number 103002) and TCRgd (yellow, catalog number 118108)",1e272dc161e4131f2375f9975d121c6c,"['CD44_AF532/0000-0003-4379-8967.md', 'TCR_gamma_delta_PE/0000-0003-4379-8967.md']"
CD1c_PE/Human_LN_CD1c_CD8_CD25.jpg,"Human lymph node: CD1c (red, catalog number 331506), CD8 (blue, catalog number 344716), and CD25 (yellow, catalog number 356128)",9e4b5f263037bdc08e4dc3357fa6c976,"['CD1c_PE/0000-0003-4379-8967.md', 'CD8_AF488/0000-0003-4379-8967.md']"
CD1c_PE/CD1c_PE_BioLegend_331506_BCL6_AF647_BDBiosciences_561525.jpg,"Human lymph node: CD1c (yellow, catalog number 331506) and BCL6 (cyan, catalog number 561525)",1e01afe14ab4486741e9c3fec32a3a16,['CD1c_PE/0000-0003-4379-8967.md']
DDR2_Unconjugated/FL_FFPE_DDR2_AF555_AF2538.jpg,"Human follicular lymphoma FFPE: DDR2 (green, catalog number AF2538)",20e1ba5f096ad33de7c4744efecb04fb,['DDR2_Unconjugated/0000-0003-4379-8967.md']
Ki-67_AF700/Spleen_Ki-67_AF700_BD_561277_CD21_AF532_BioLegend_354902.jpeg,"Human spleen: Ki-67 (yellow, catalog number 561277) and CD21 (cyan, based on catalog number 354902)",49c917e6a8b03152e77674e1cd74e551,"['CD21_AF532/0000-0003-4379-8967.md', 'Ki-67_AF700/0000-0003-4379-8967.md']"
mCherrry_NA/Mouse_Brain_Tumor_Hochest_Cyan_mcherry_red_Novus_NBP2_25158.jpg,Mouse Brain Tumor Hochest (Cyan) mcherry (red Novus #NBP2-25158),332e94d3a2a03d6894f658c4142f82bb,['mCherrry_NA/0000-0002-6944-6997.md']
Iba1_Unconjugated/Iba1_Unconjugated_Abcam_ab5076.jpg,"Human retina: Iba1 (cyan, catalog number ab5076 and A32816) and Hoechst (blue, catalog number 40046)",d5192be84e063d41ea0b9f09dbad57d0,"['Iba1_Unconjugated/0000-0003-2088-8310.md', 'Goat_IgG__H+L__AF555__Plus_/0000-0003-2088-8310.md']"
Arrestin_C_Unconjugated/Arrestin_C_Unconjugated_MilliporeSigma_MABN2636.jpg,"Human retina: Arrestin C (green, catalog number MABN2636-100UG) and Hoechst (blue, catalog number 40046)",c0e216197a050d22c762ca81ad1b9dc8,['Arrestin_C_Unconjugated/0000-0003-2088-8310.md']
CD206_BV421/Mouse_Thymus_CD206_Cytokeratin.jpg,"Mouse thymus: CD206 (cyan, catalog number 141717) and Cytokeratin (purple, catalog number 628604)",2b4c8e87eadbe2f06307dcd6a722d87f,"['Cytokeratin_AF647/0000-0003-4379-8967.md', 'CD206_BV421/0000-0003-4379-8967.md']"
CD206_BV421/Mouse_Lung_CD11c_CD206_CD31.jpg,"Mouse lung: CD11c (magenta, catalog number 117312), CD206 (blue, catalog number 141717), and CD31 (green, catalog number 102520)",86801b36261525dbbac9e812655cde8c,"['CD11c_AF647/0000-0003-4379-8967.md', 'CD206_BV421/0000-0003-4379-8967.md']"
CD206_BV421/Mouse_Lymph_Node_CD206_CD106.jpg,"Mouse lymph node: CD206 (red, catalog number 141717) and CD106 (cyan, catalog number 105710)",a2504884d0ffa77362e659458637cf50,"['CD106_AF488/0000-0003-4379-8967.md', 'CD206_BV421/0000-0003-4379-8967.md']"
SPARC_AF532/SPARC_LN_RandDAF941.jpg,"Human lymph node: SPARC (red, based on catalog number AF941)",2914c5962ef4464f81f78a4d02c47f9e,['SPARC_AF532/0000-0003-4379-8967.md']
Vimentin_AF647/Human_Kidney_Hoechst_Vimentin.jpg,"Human kidney: Hoechst (blue, catalog number 40046) and Vimentin (magenta, catalog number 677807)",7499249110a0cc42f166ebde27242125,"['Vimentin_AF647/0000-0003-4379-8967.md', 'Hoechst_33342_NA/0000-0003-4379-8967.md']"
CD68_BV421/Mouse_Thymus_CD68_MHCII.jpg,"Mouse thymus: CD68 (cyan, catalog number 137017) and MHCII (red, catalog number 107622)",6524af6ae674368e25160e4c88d0beb7,"['CD68_BV421/0000-0003-4379-8967.md', 'MHC-II_AF700/0000-0003-4379-8967.md']"
Glycophorin_A_AF555/Spleen_Glycophorin_AF555_Abcam_ab218372_HLADR_iF594_CapricoBio_1032136.jpeg,"Human spleen: HLA-DR (magenta, catalog number 1032136) and Glycophorin A (cyan, based on catalog number ab218372)",1d3f65008581a15f89d1c71d2c6cd530,"['Glycophorin_A_AF555/0000-0002-3882-457X.md', 'HLA-DR_iF594/0000-0003-4379-8967.md']"
Tubulin_beta-3_chain_AF488/Tubulin_beta-3_chain_AF488_BioLegend_801203.jpg,"Human retina: Tubulin_beta-3_chain (green, catalog number 801203) and Hoechst (blue, catalog number 40046)",14152ddbb6c939763bc0d532039b85a5,['Tubulin_beta-3_chain_AF488/0000-0003-2088-8310.md']
Tubulin_beta-3_chain_AF488/Human_Jejunum_BTub3_CD138.jpg,"Human jejunum: Beta-tubulin 3 (yellow, catalog number 801203) and CD138 (purple, catalog number 356504)",b3d3df61d01f1be932d2c480fdac141e,"['Tubulin_beta-3_chain_AF488/0000-0003-4379-8967.md', 'CD138_PE/0000-0003-4379-8967.md']"
CD3_AF594/Mouse_Thymus_CD3.jpg,Mouse thymus: CD3 (catalog number 100240),1d47e14f7bb333b96abb0b5fca5fc414,['CD3_AF594/0000-0003-4379-8967.md']
CD3_AF594/Mouse_Lymph_Node_CD3_MHCII.jpg,"Mouse lymph node: CD3 (cyan, catalog number 100240) and MHCII (blue, catalog number 107631)",d5b2ad166ccc421d158c0c173dd2f257,"['CD3_AF594/0000-0003-4379-8967.md', 'MHC-II_BV421/0000-0003-4379-8967.md']"
CD3_AF594/Human_LN_CD3_DC-SIGN.jpg,"Human lymph node: CD3 (purple, catalog number 300446) and DC-SIGN (cyan, catalog number 330112)",99d5601dbe59e1eeb6af2bb1e5e1925a,"['DC-SIGN_AF647/0000-0003-4379-8967.md', 'CD3_AF594/0000-0003-4379-8967.md']"
Opsin_Red_Green_Unconjugated/Opsin_Red_Unconjugated_MilliporeSigma_AB5405.jpg,"Human retina: Opsin Red (red, catalog number AB5405) and Hoechst (blue, catalog number 40046)",65521a769e1d4d2b380daedbcc9ef074,['Opsin_Red_Green_Unconjugated/0000-0003-2088-8310.md']
CD45_AF647/Mouse_Lymph_Node_CD45.jpg,Mouse lymph node: CD45 (catalog number 103124),10d4776001659a0f189157289c53f880,['CD45_AF647/0000-0003-4379-8967.md']
CD117_AF488/Human_LN_CD117_CD39_CD94.jpg,"Human lymph node: CD117 (cyan, catalog number 313234), CD39 (blue, catalog number 328208), and CD94 (magenta, catalog number 305506)",14499695615e98b68d103a3758815e59,"['CD117_AF488/0000-0003-4379-8967.md', 'CD39_PE/0000-0003-4379-8967.md']"
CD49a_AF647/Human_Spleen_CD49a_CD44.jpg,"Human spleen: CD49a (cyan, catalog number 328310) and CD44 (red, catalog number 103018)",d99c9611072f5b7e63a347e255619186,"['CD49a_AF647/0000-0003-4379-8967.md', 'CD44_AF647/0000-0003-4379-8967.md']"
CD49a_AF647/Human_LN_CD49a_Vimentin.jpg,"Human lymph node: CD49a (green, catalog number 328310) and Vimentin (blue, catalog number 677804)",29962beea82207c441add96424d7dc59,"['Vimentin_AF594/0000-0003-4379-8967.md', 'CD49a_AF647/0000-0003-4379-8967.md']"
CD49a_AF647/Spleen_CD49a_AF647_BioLegend_328310_Fibrinogen_Unconjugated_Abcam_ab118533.jpeg,"Human spleen: CD49a (cyan, catalog number 328310) and Fibrinogen (red, catalog number ab118533 and A-21102)",274c0cb98d4be4f1ea6b1fc8e066fa57,"['Sheep_IgG__H+L__AF680/0000-0003-4379-8967.md', 'CD49a_AF647/0000-0003-4379-8967.md']"
CD49a_AF647/CD49a_AF647_BioLegend_328310.jpg,"Human retina: CD49a (sea green, catalog number 328310) and Hoechst (blue, catalog number 40046)",acb272923229e7bc249a26f1ef5c7239,['CD49a_AF647/0000-0003-2088-8310.md']
Hoechst_33342_NA/Human_Jejunum_Hoechst_CD106_CD31.jpg,"Human jejunum: Hoechst (blue, catalog number 40046), CD106 (cyan, catalog number 305806), and CD31 (red, catalog number 303106)",5b1dce343fdc5ec7f5c4a5dda52aded5,"['CD31_PE/0000-0003-4379-8967.md', 'Hoechst_33342_NA/0000-0003-4379-8967.md', 'CD106_PE/0000-0003-4379-8967.md']"
HLA-DR_AF647/Tonsil_HLADR_AF647_NovusBiologicals_NBP2-47670AF647.jpg,"Human tonsil FFPE: HLA-DR (magenta, catalog number NBP2-47670AF647)",6f3a2ab9c6ed8cad7c96eda7a24bfa66,['HLA-DR_AF647/0000-0003-4379-8967.md']
CD11c_AF700/CD11c_AF700_BDBiosciences_561352_CD68_AF647_SantaCruz_sc-20060.jpg,"Human lymph node: CD11c (cyan, catalog number 312204) and CD68 (red, catalog number sc-20060)",95f1f4f8fbd0044f1d9061b110bac064,['CD11c_AF700/0000-0003-4379-8967.md']
CD11c_AF700/Spleen_CD54_AF647_BioLegend_353114_CD11c_AF700_BD_561352.jpeg,"Human spleen: CD54 (blue, catalog number 353114) and CD11c (red, catalog number 561352)",0ba6ae93039d3990ce692892dab8115a,['CD11c_AF700/0000-0003-4379-8967.md']
HLA-DR_AF488/HLADR_LN_BioLegend_307620.jpg,"Human lymph node: HLA-DR (green, catalog number 307620)",4057e9953583621427e05792a865fba9,['HLA-DR_AF488/0000-0003-4379-8967.md']
HLA-DR_AF488/HLA-DR_AF488_FL_Lymph_Node.jpg,"Human FFPE follicular lymphoma lymph node: HLA-DR (red, catalog number NBP2-47670AF488)",88f76e52ac630bebf41d32542a2b478e,['HLA-DR_AF488/0000-0003-4379-8967.md']
HLA-DR_AF488/HLA-DR_AF488_PD1_AF555_FL_Lymph_Node.jpg,"Human FFPE follicular lymphoma lymph node: HLA-DR (red, catalog number NBP2-47670AF488) and PD-1 (cyan, catalog number ab275126)",b1de0f4cb49de8924ba363accb56aeb3,"['PD-1_AF555/0000-0003-4379-8967.md', 'HLA-DR_AF488/0000-0003-4379-8967.md']"
HLA-DR_AF488/Human_Liver_HLADR_Vimentin.jpg,"Human liver: HLA-DR (cyan, catalog number 307620) and Vimentin (red, catalog number 677807)",a970860afbce6c2871c9a35229d03032,"['Vimentin_AF647/0000-0003-4379-8967.md', 'HLA-DR_AF488/0000-0003-4379-8967.md']"
HLA-DR_AF488/Human_LN_CD69_HLA-DR.jpg,"Human lymph node: HLA-DR (cyan, catalog number 307620) and CD69 (red, catalog number 310918)",fea79ec9a1c4fb87a4d139d3780d627c,"['CD69_AF647/0000-0003-4379-8967.md', 'HLA-DR_AF488/0000-0003-4379-8967.md']"
HLA-DR_AF488/Human_LN_HLA-DR_Va7.2.jpg,"Human lymph node: HLA-DR (purple, catalog number 307620) and Valpha7.2 (yellow, catalog number 351726)",3d6ddd07d60117923bc6a9a52aa895d4,"['TCR_Valpha7.2_AF647/0000-0003-4379-8967.md', 'HLA-DR_AF488/0000-0003-4379-8967.md']"
CD44_iF594/CD44_iF594_AAT_Bioquest_104410C0.jpg,"Human retina: CD44 (red, catalog number 104410C0) and Hoechst (blue, catalog number 40046)",dc9e7270e2dcabfcbfc182b354a50801,['CD44_iF594/0000-0003-2088-8310.md']
CD20_AF488/Spleen_CD20_AF488_Thermo_53-0202-82_Lumican_AF680_RD_AF2846.jpeg,"Human spleen: CD20 (purple, catalog number 53-0202-82) and Lumican (cyan, based on catalog number AF2846)",c296521ecc1749319ceb1c7290e38b40,"['Lumican_AF680/0000-0003-4379-8967.md', 'CD20_AF488/0000-0003-4379-8967.md']"
MHC-II_AF700/Mouse_Spleen_F480_MHCII.jpg,"Mouse spleen: MHCII (blue, catalog number 107622) and F4/80 (magenta, catalog number 123132)",ec825e977dd57130465defe0b853e74e,"['F4_80_BV421/0000-0003-4379-8967.md', 'MHC-II_AF700/0000-0003-4379-8967.md']"
CD21_Pacific_Blue/Mouse_Lymph_Node_CD21_Pax5.jpg,"Mouse lymph node: CD21 (purple, catalog number 123413) and Pax5 (cyan, catalog number 649704)",17b824f35ee512d588678dbbb8113411,"['Pax5_AF647/0000-0003-4379-8967.md', 'CD21_Pacific_Blue/0000-0003-4379-8967.md']"
CD8_AF488/Human_Metastatic_Lymph_Node_CD8_CD138.jpg,"Human lymph node metastatic: CD8 (green, catalog number 344716) and CD138 (blue, catalog number 356524)",1a614edc8a0e51ff699b49bd44e4a660,"['CD138_AF647/0000-0003-4379-8967.md', 'CD8_AF488/0000-0003-4379-8967.md']"
CD169_PE/Mouse_Spleen_CD169_CD45.jpg,"Mouse spleen: CD169 (green, catalog number 142404) and CD45 (blue, catalog number 103122)",8e0b11bb8c3f262fa3a270778d918326,"['CD45_AF488/0000-0003-4379-8967.md', 'CD169_PE/0000-0003-4379-8967.md']"
Lumican_PE/Lumican_AF2846_cyan_Lumican_Ab252012_red_merge.jpg,"Human follicular lymphoma FFPE : Lumican (cyan, AF2846) and Lumican PE (red, ab252012) pH 6 and 9",cbcb7f3fc80193f31b0a20da0c4a0ff5,['Lumican_PE/0000-0003-4379-8967.md']
Lumican_PE/Lumican_PE_Abcam_Ab252012_FL_FFPE_pH6and9.jpg,"Human follicular lymphoma FFPE : Lumican PE (red, ab252012 ) pH 6 and 9",48978e4dcab7bb0b9142f1b172a5d621,['Lumican_PE/0000-0003-4379-8967.md']
CD138_PE/CD138_PE_BioLegend_356504_IRF4_PE_BioLegend_646404.jpg,"Human lymph node: CD138 (cyan, catalog number 356504) and IRF4 (red, catalog number 646404)",d318e148a8bd3734e1d786d6e9859346,"['IRF4_PE/0000-0003-4379-8967.md', 'CD138_PE/0000-0003-4379-8967.md']"
EpCAM_AF647/Mouse_Lung_EpCAM_MHCII_CD169.jpg,"Mouse lung: EpCAM (blue, catalog number 118212), MHCII (magenta, catalog number 107622), and CD169 (green, catalog number 142404)",35a30af66b83702be6e0cb69806089f1,"['MHC-II_AF700/0000-0003-4379-8967.md', 'EpCAM_AF647/0000-0003-4379-8967.md']"
EpCAM_AF488/Human_Jejunum_EpCAM_CD44.jpg,"Human jejunum: EpCAM (blue, catalog number 324210) and CD44 (yellow, catalog number 103016)",1fa33eef6e1d394e8c6d8249da061838,"['EpCAM_AF488/0000-0003-4379-8967.md', 'CD44_AF488/0000-0003-4379-8967.md']"
EpCAM_AF488/Human_Jejunum_EpCAM_CD49a.jpg,"Human jejunum: EpCAM (purple, catalog number 324210) and CD49a (cyan, catalog number 328310)",ea4e4c5fe3ff3354344370cb351db2ef,"['CD49a_AF647/0000-0003-4379-8967.md', 'EpCAM_AF488/0000-0003-4379-8967.md']"
BCL2_Unconjugated/Human_FL_LN_BCL2_ab236221_CD3_ab208514_CD4_ab196372_CD21_ab306325.jpg,"Human FL LN: BCL2 (cyan, catalog number ab236221 and A-31573), CD3 (magenta, catalog number ab208514), CD4 (blue, catalog number ab196372), CD21 (yellow, catalog number ab306325)",d6b5beb1ab5ed792f90376a4e1879a3a,"['CD3_AF555/0000-0003-4379-8967.md', 'CD4_AF488/0000-0003-4379-8967.md', 'BCL2_Unconjugated/0000-0003-4379-8967.md']"
BCL2_Unconjugated/Human_normal_LN_BCL2_ab236221_CD3_ab208514_CD4_ab196372_CD21_ab306325.jpg,"Human normal LN: BCL2 (cyan, catalog number ab236221 and A-31573), CD3 (magenta, catalog number ab208514), CD4 (blue, catalog number ab196372), CD21 (yellow, catalog number ab306325)",8f84246403fc7e886d80766ccef7643b,"['CD3_AF555/0000-0003-4379-8967.md', 'CD4_AF488/0000-0003-4379-8967.md', 'CD21_PE/0000-0003-4379-8967.md', 'BCL2_Unconjugated/0000-0003-4379-8967.md']"
CD3_Spark_Red_718/CD3_SR718_Spleen.jpg,"Mouse Spleen: CD3e (white, catalog number 100281)",dc96fdbf335479bc0a972649cc19af9c,['CD3_Spark_Red_718/0000-0003-1130-1899.md']
CD44_AF647/Mouse_Lymph_Node_CD44.jpg,Mouse lymph node: CD44 (catalog number 103018),4b55237fdd1ac58b09ff70f01a43eb7f,['CD44_AF647/0000-0003-4379-8967.md']
c-Myc_Unconjugated/FL_FFPE_c-Myc_AF647_R_D_MAB3696.jpg,"Human follicular lymphoma FFPE : c-Myc (cyan, catalog number MAB3696-SP)",818b9435870224e320e08ad35663b43a,['c-Myc_Unconjugated/0000-0003-4379-8967.md']
CXCR7_DL488/Mouse_Brain_Tumor_Hochest_Blue_CXCR7_Green_Novus_NBP2_24779G.jpg,"Mouse Brain Tumor Hoechst (Blue) CXCR7 (Green, catalog number NBP2-24779G)",0490f6799bc32f66e9a71cc6450b2abf,['CXCR7_DL488/0000-0002-6944-6997.md']
CXCL12_NA/Mouse_Tumor_Brain_Hochest_Blue_CXCL12_Green_Abcam_AB25117_mCherry_Magenta_Novus_NBP2_25158.jpg,"Mouse Brain Tumor Hochest (Blue) CXCL12 (Green Abcam #AB25117) mCherry (Magenta, Novus #NBP2-25158)",9b1f60f53531237b328e73dd6bb6adf4,['CXCL12_NA/0000-0002-6944-6997.md']
CD117_PE/Human_Skin_CD117_CD138_Vimentin.jpg,"Human skin: CD117 (magenta, catalog number 313203), CD138 (cyan, catalog number 356524), and Vimentin (blue, catalog number 677804)",77dd898a7e14304c70b0aa8160ae8746,"['CD138_AF647/0000-0003-4379-8967.md', 'Vimentin_AF594/0000-0003-4379-8967.md', 'CD117_PE/0000-0002-5187-810X.md']"
CD4_BV421/Mouse_Liver_CD4_CD11c_CD11b.jpg,"Mouse liver: CD4 (yellow, catalog number 100443), CD11c (cyan, catalog number 117312), and CD11b (purple, catalog number 101217)",9a55e77f499b8b152ffd454073afb55b,"['CD11b_AF488/0000-0003-1431-1398.md', 'CD4_BV421/0000-0003-1431-1398.md']"
CD25_AF647/CD25_AF647_BioLegend_356128_FOXP3_eF570_Thermo_41-4777-82.jpg,"Human lymph node: CD25 (cyan, catalog number 356128) and FOXP3 (yellow, catalog number 41-4777-82)",1ca16638830e903c0389ee9bf6c4fe7f,"['FOXP3_eF570/0000-0003-4379-8967.md', 'CD25_AF647/0000-0003-4379-8967.md']"
GFAP_eF570/Mouse_Brain_Tumor_Hochest_cyan_GFAP_Orange_Thermo_41_9892_82.jpg,Mouse Brain Tumor Hochest (Cyan) GFAP (Orange Thermo #41-9892-82),56657965ab16d18bd773ca5ef643ba46,['GFAP_eF570/0000-0002-6944-6997.md']
Phalloidin_iF594/Phalloidin_iF594_AATBioquest_23122.jpg,"Human retina: Phalloidin (passion pink, catalog number 23122) and Hoechst (blue, catalog number 40046)",7af1674ca3af5f15c8786fcb237fc1ed,['Phalloidin_iF594/0000-0003-2088-8310.md']
CTLA4_AF647/CTLA-4_AF647_PD1_AF555_FL_Lymph_Node.jpg,"Human FFPE follicular lymphoma lymph node: CTLA-4 (yellow, catalog number ab270127 and PD-1 (cyan, catalog number ab275126)",d2f1124a4d1e98c3baeaa4954d540c99,"['PD-1_AF555/0000-0003-4379-8967.md', 'CTLA4_AF647/0000-0003-4379-8967.md']"
CTLA4_AF647/CTLA-4_AF647_FL_Lymph_Node.jpg,"Human FFPE follicular lymphoma lymph node: CTLA-4 (yellow, catalog number ab270127)",539cb0de4b506c55efd9cc7da420afeb,['CTLA4_AF647/0000-0003-4379-8967.md']
CD163_AF532/Spleen_CD163_AF532_BioLegend_333602_CD4_AF647_BioLegend_300520.jpeg,"Human spleen: CD163 (yellow, based on catalog number 333602) and CD4 (cyan, catalog number 300520)",fe99558e8c05ac21fb252326eb30b1ea,"['CD4_AF647/0000-0003-4379-8967.md', 'CD163_AF532/0000-0003-4379-8967.md']"
CD163_AF532/Human_Spleen_CD163_CD31.jpg,"Human spleen: CD163 (yellow, based on catalog number 333602) and CD31 (blue, catalog number 303106)",755271de591bd9bbf0dbc11a07cd990e,"['CD31_PE/0000-0003-4379-8967.md', 'CD163_AF532/0000-0003-4379-8967.md']"
CD163_AF532/Human_Liver_CD163_CD49a.jpg,"Human liver: CD163 (yellow, based on catalog number 333602) and CD49a (blue, catalog number 328303)",8bd008d6c19c49f353b8a9fb57cabb9b,"['CD49a_PE/0000-0002-3882-457X.md', 'CD163_AF532/0000-0003-4379-8967.md']"
E-cadherin_AF647/Mouse_Liver_Ecadherin_CD45.jpg,"Mouse liver: E-Cadherin (red, catalog number 147308), and CD45 (cyan, catalog number 103128)",0f4722b29edbc2f302431e86b6bfaf30,"['CD45_AF700/0000-0003-1431-1398.md', 'E-cadherin_AF647/0000-0003-1431-1398.md']"
E-cadherin_AF647/Mouse_Liver_Ecadherin_MHCII.jpg,"Mouse liver: E-Cadherin (blue, catalog number 147308) and MHCII (magenta, catalog number 107622)",e8707f5892cc69fa7bc706ca099f0b78,"['MHC-II_AF700/0000-0003-1431-1398.md', 'E-cadherin_AF647/0000-0003-1431-1398.md']"
CD39_PE/CD39_PE_BioLegend_328208_CD35_PE_BioLegend_333406.jpg,"Human lymph node: CD39 (red, catalog number 328208) and CD35 (cyan, catalog number 333406)",f1a75fc2a4356c6db02095a8bc27c360,"['CD35_PE/0000-0003-4379-8967.md', 'CD39_PE/0000-0003-4379-8967.md']"
CTGF_FITC/FL_FFPE_CTGF_FITC-CTGF.jpg,"Human follicular lymphoma FFPE: CTGF (green, catalog number FITC-CTGF)",da676027868b38f9eec7d5d78b0d7f04,['CTGF_FITC/0000-0003-4379-8967.md']
CXCR4_NA/Mouse_Brain_Tumor_Hochest_Blue_CXCR4_Green_Novus_NB_100_74396.jpg,Mouse Brain Tumor Hochest (Blue) CXCR4 (Green Novus # NB-100 74396),6dbd5f3694fa2a79e473b8880078236d,['CXCR4_NA/0000-0002-6944-6997.md']
CD31_AF700/Human_LN_CD31_CD138_IRF4.jpg,"Human lymph node: CD31 (magenta, catalog number 303133), CD138 (blue, catalog number 356504), and IRF4 (green, catalog number 646404	)",bbf86127ca25d521367ae14420dd8263,"['CD138_PE/0000-0003-4379-8967.md', 'CD31_AF700/0000-0003-4379-8967.md']"
CD31_AF700/CD31_AF700_BioLegend_303133_CD49a_PE_BioLegend_328303.jpg,"Human lymph node: CD31 (red, catalog number 303133) and CD49a (cyan, catalog number 328303)",aaa1b4d2fc929f0367ba84092e7e0102,"['CD49a_PE/0000-0003-4379-8967.md', 'CD31_AF700/0000-0003-4379-8967.md']"
CD4_AF594/Mouse_Spleen_CD4_CD8_IgD.jpg,"Mouse spleen: CD4 (cyan, catalog number 100446), CD8 (magenta, catalog number 100738), and IgD (blue, catalog number 405730)",8e06493b0e6910fda9725bccc7e18126,"['CD8_BV421/0000-0003-4379-8967.md', 'CD4_AF594/0000-0003-4379-8967.md']"
ICOS_AF488/ICOS_AF488_BioLegend_313514_PD1_PE_BioLegend_329906.jpg,"Human lymph node: ICOS (cyan, catalog number 313514) and PD-1 (magenta, catalog number 329906)",54bda37ca4398ed5e86f99ee58060a6c,"['PD-1_PE/0000-0003-4379-8967.md', 'ICOS_AF488/0000-0003-4379-8967.md']"
ICOS_AF488/Human_LN_ICOS_CD35.jpg,"Human lymph node: ICOS (yellow, catalog number 313514) and CD35 (purple, catalog number 333406)",bef10f5fe8af61eaf8393a7976fd9563,"['CD35_PE/0000-0003-4379-8967.md', 'ICOS_AF488/0000-0003-4379-8967.md']"
Ly-6G_AF488/Mouse_Lung_Ly6G_CD8_CD31.jpg,"Mouse lung: Ly-6G (yellow, catalog number 127626), CD31 (blue, catalog number 102520), and CD8 (red, catalog number 100724)",2758f9024f8ed63e44e02bd58d0d7f0a,"['CD31_AF594/0000-0003-4379-8967.md', 'Ly-6G_AF488/0000-0003-4379-8967.md']"
LYVE-1_Unconjugated/FL_FFPE_LYVE1_AF2089.jpg,"Human follicular lymphoma FFPE: LYVE-1 (yellow, catalog number AF2089) and Hoechst (blue, catalog number 40046)",7ef2ec724563b92059a56855b18c3a2f,['LYVE-1_Unconjugated/0000-0003-4379-8967.md']
PKC_alpha_AF680/PKC_alpha_AF680_Santa_Cruz_sc8393AF680.jpg,"Human retina: PKC alpha (white, catalog number sc-8393 AF680) and Hoechst (blue, catalog number 40046)",42f0ed0b09f1533c75af5d10d3aae4a4,['PKC_alpha_AF680/0000-0003-2088-8310.md']
Phospho-GSK-3alpha_Unconjugated/FL_FFPE_pGSK_9316.jpg,"Human follicular lymphoma FFPE: Phospho-GSK-3 alpha (red, catalog number 9316)",978840ef0a943890b482983064f49ff3,['Phospho-GSK-3alpha_Unconjugated/0000-0003-4379-8967.md']
PD-1_BV421/Mouse_Lymph_Node_PD1_CD23_IgD.jpg,"Mouse lymph node: PD-1 (green, catalog number 135218), CD23 (magenta, catalog number 101611), and IgD (blue, catalog number 405718)",06dd760dcf364af612d140d5289358d8,"['CD23_AF647/0000-0003-4379-8967.md', 'PD-1_BV421/0000-0003-4379-8967.md']"
CD45_iF594/Spleen_CD45_iF594_CapricoBio_1016136_CD31_PE_BioLegend_303106.jpeg,"Human spleen: CD45 (blue, catalog number 1016136) and CD31 (magenta, catalog number 303106)",07e0e61fdd1dbbe2a041e326d8535ce2,['CD45_iF594/0000-0003-4379-8967.md']
CD21_AF488/Human_LN_CD21_CD44.jpg,"Human lymph node: CD21 (yellow, based on catalog number 354902) and CD44 (blue, catalog number 103016)",57022088ccd5d81be03e9a98a106823c,"['CD21_AF532/0000-0003-4379-8967.md', 'CD44_AF532/0000-0003-4379-8967.md', 'CD44_AF488/0000-0003-4379-8967.md', 'CD21_AF488/0000-0003-4379-8967.md']"
gp38_Unconjugated/Mouse_Lymph_Node_gp38_SIRPa.jpg,"Mouse lymph node: gp38 (purple, catalog number 127401) and SIRPalpha (cyan, catalog number 144024)",f5a2e0cfb22dc052868791299069abd6,"['SIRPalpha_AF488/0000-0003-4379-8967.md', 'gp38_Unconjugated/0000-0003-4379-8967.md']"
Desmin_AF488/Desmin_AF488_Abcam_ab185033.jpg,"Human retina: Desmin (orange, catalog number ab185033) and Hoechst (blue, catalog number 40046)",c0e621d0e0e3c337172a94e43979b2a0,['Desmin_AF488/0000-0003-2088-8310.md']
Phospho_NF-Kappa_B_p105_Unconjugated/FL_FFPE_PhosphoNF-KappaBp105_CST_4808.jpg,"Human follicular lymphoma FFPE: Phospho NF-Kappa B p105 (red, catalog number 4808)",17481846047b1072b23295bfb6f10de0,['Phospho_NF-Kappa_B_p105_Unconjugated/0000-0003-4379-8967.md']
Iba-1_NA/Mouse_Brain_Tumor_Hochest_Cyan_Iba_Green_Fuji_019-19741.jpg,Mouse Brain Tumor Hochest (Cyan) Iba (Green_Fuji #019-19741),32c796528c7ecead12fcf740fa59ac44,['Iba-1_NA/0000-0002-6944-6997.md']
CD4_AF532/CD4_AF532_Thermo_58-0049-42_CD8_AF488_BioLegend_344716.jpg,"Human lymph node: CD4 (cyan, catalog number 58-0049-42) and CD8 (red, catalog number 561525)",426ac951d0aab413cd12809b58efb545,"['CD8_AF488/0000-0003-4379-8967.md', 'CD4_AF532/0000-0003-4379-8967.md']"
CD4_AF700/Human_Metastatic_Lymph_Node_CD4_EpCAM.jpg,"Human lymph node metastatic: CD4 (blue, catalog number 300526) and EpCAM (red, catalog number 324228)",e5b83a0649c14159e6c959076b3d3e45,"['EpCAM_AF594/0000-0003-4379-8967.md', 'CD4_AF700/0000-0003-4379-8967.md']"
B220_AF488/Mouse_LN_B220_cyan_BD_557669_CD3_red_BioLegend_100240.jpg,"Mouse lymph node: B220 (cyan, catalog number 557669) and CD3 (red, catalog number 100240)",70ba1f6cb266c846c2be414648e31960,"['B220_AF488/0000-0003-1118-7432.md','CD3_AF594/0000-0003-1118-7432.md']"
CD35_BV510/Mouse_LN_CD35_yellow_BD_740132_ColIV_blue_ab19808_A-11009.jpg,"Mouse lymph node: CD35 (yellow, catalog number 740132) and Collagen IV (blue, catalog number ab19808 and A-11009)",ceb4fd8cd2cc42201659aa8226b9f07a,"['CD35_BV510/0000-0003-1118-7432.md','Collagen_IV_Unconjugated/0000-0003-1118-7432.md','Rabbit_IgG__H+L__AF532/0000-0003-1118-7432.md']"
CD169_PE/Mouse_LN_CD169_green_BioLegend_142404_Ki67_magenta_BD_561277.jpg,"Mouse lymph node: CD169 (green, catalog number 142404) and Ki-67 (magenta, catalog number 561277)",8a6567cde9020c3f7cf4baa8a32666f2,"['Ki-67_AF700/0000-0003-1118-7432.md','CD169_PE/0000-0003-1118-7432.md']"
PD-1_BV421/Mouse_LN_PD1_cyan_135218_CD11c_magenta_117312.jpg,"Mouse lymph node: PD-1 (cyan, catalog number 135218) and CD11c (magenta, catalog number 117312)",28a7b8aa0b9b5764fe0061fb69312229,"['CD11c_AF647/0000-0003-1118-7432.md','PD-1_BV421/0000-0003-1118-7432.md']"
CD34_PE/Human_Tonsil_FFPE_Hoechst_blue_CD34_green.jpg,"Human tonsil: Hoechst (blue, Biotium cat. no. 40046) and CD34 (green, Thermo Fisher Scientific cat. no. MA1-10205)",c76364415c790451b7a0d30a401b5132,"['CD34_PE/0009-0006-9784-2694.md']"
CD3_AF555/Human_Tonsil_FFPE_Hoechst_blue_CD3_green.jpg,"Human tonsil: Hoechst (blue, Biotium cat. no. 40046) and CD3 (green, Abcam cat. no. ab208514)",bdacb094d7c4f19d787ad3231b261d1e,"['CD3_AF555/0009-0006-9784-2694.md']"
CD45_AF488/Human_Tonsil_FFPE_Hoechst_blue_CD45_AF488_green.jpg,"Human tonsil: Hoechst (blue, Biotium cat. no. 40046) and CD45 (green, Novus Biologicals cat. no. NBP2-34528AF488)",5e5dfd4b6720c2abba3f740ca32a35e7,"['CD45_AF488/0009-0006-9784-2694.md']"
CD45_PE/Human_Tonsil_FFPE_Hoechst_blue_CD45_PE_green.jpg,"Human tonsil: Hoechst (blue, Biotium cat. no. 40046) and CD45 (green, Novus Biologicals cat. no. NBP2-34528PE)",41b039e9d46868bc4769f264d795effb,"['CD45_PE/0009-0006-9784-2694.md']"
CD8_AF647/Human_Tonsil_FFPE_Hoechst_blue_CD8_red.jpg,"Human tonsil: Hoechst (blue, Biotium cat. no. 40046) and CD8 (red, BioLegend cat. no. 372906)",e2a8ea56916b2337125ea81c18050771,"['CD8_AF647/0009-0006-9784-2694.md']"
CTLA4_AF647/Human_Tonsil_FFPE_Hoechst_blue_CTLA4_red.jpg,"Human tonsil: Hoechst (blue, Biotium cat. no. 40046) and CTLA4 (red, Abcam cat. no. ab270127)",0319ef9d4863816c1d28cfa5e3ec8258,"['CTLA4_AF647/0009-0006-9784-2694.md']"
PD-1_AF555/Human_Tonsil_FFPE_Hoechst_blue_PD1_green.jpg,"Human tonsil: Hoechst (blue, Biotium cat. no. 40046) and PD-1 (green, Abcam cat. no. ab275126)",32a9ea3243d06baf17be375554c5a9d7,"['PD-1_AF555/0009-0006-9784-2694.md']"
CD23_AF647/CD23_AF647_Grey_Mouse_LN_2_Large.jpg,"Mouse (naive) lymph node: CD23 (grey, catalog number 101611)",3c6684993361eb1aa6a61f6054b2fd2b,['CD23_AF647/0000-0002-8909-5039.md']
CD23_AF647/CD23_AF647_Grey_Mouse_LN_1_Large.jpg,"Mouse (immunized) lymph node: CD23 (grey, catalog number 101611)",1e9203e92c26bf6b151ad4872c24a7c7,['CD23_AF647/0000-0002-8909-5039.md']
CD35_BV510/CD35_BV510_Green_DAPI_Blue_Mouse_LN.jpg,"Mouse (immunized) lymph node: CD35 (green, catalog number 740132) and DAPI (blue, catalog number 62248)",284a4ff657463f54944c9bc42c6cebec,['CD35_BV510/0000-0002-1461-0999.md']
Alpha_smooth_muscle_actin_AF488/aSMA_AF488_Grey_Mouse_SI.jpg,"Mouse small intestine: alpha smooth muscle actin (grey, catalogue number 53-9760-82)",51a470bd7b549f77a5d8616442527b67,['Alpha_smooth_muscle_actin_AF488/0000-0002-1461-0999.md']
B220_AF647/B220_AF647_Grey_Mouse_LN.jpg,"Mouse lymph node: B220 (grey, catalog number 103226)",594441a0105afe2c0f2d0f078e1301f2,['B220_AF647/0000-0002-1461-0999.md']
CD11b_PE/CD11b_PE_Grey_Mouse_LN.jpg,"Mouse lymph node: CD11b (grey, catalog number 101217)",fb45af754793db4a66ae930241c7613d,['CD11b_PE/0000-0002-8909-5039.md']
CD11c_AF488/CD11c_AF488_Grey_Mouse_LN.jpg,"Mouse lymph node: CD11c (grey, catalog number MCD11c20)",ee6003913fbc784cae4f0881658c1ff3,['CD11c_AF488/0000-0002-1461-0999.md']
CD200_BV421/CD200_BV421_Grey_Mouse_LN.jpg,"Mouse lymph node: CD200 (grey, catalog number 565547)",354c6e657d05a678e0406158f51b294d,['CD200_BV421/0000-0002-1461-0999.md']
CD3_AF488/CD3_488_Grey_Mouse_LN.jpg,"Mouse lymph node: CD3 (grey, catalog number 100210)",87f4c2106f8e91275784e64caca088b7,['CD3_AF488/0000-0002-1461-0999.md']
CD31_AF594/CD31_AF594_Grey_Mouse_LN.jpg,"Mouse lymph node: CD31 (grey, catalog number 102520)",e96c4e0587f845e94e34f8e74d72cdd6,['CD31_AF594/0000-0002-1461-0999.md']
CD4_BV421/CD4_BV421_Grey_Mouse_LN_large.jpg,"Mouse lymph node: CD4 (grey, catalog number 100449)",f7e2ff75a88dc016e7b436dc8e120641,['CD4_BV421/0000-0002-1461-0999.md']
CD4_BV510/CD4_BV510_Grey_Mouse_LN.jpg,"Mouse lymph node: CD4 (grey, catalog number 100443)",ffaa812ed72823857aed78d747ba0306,['CD4_BV510/0000-0002-1461-0999.md']
CD45.1_AF488/CD45.1_AF488_Magenta_CD138_AF647_Yellow_Mouse_LN.jpg,"Mouse (immunized) lymph node: CD45.1 (magenta, catalog number 110718) and CD138 (yellow, catalog number 142526)",40018e55494cb00bb37f8f5f1210c83c,['CD45.1_AF488/0000-0002-8909-5039.md']
CD45_AF594/CD45_AF594_Grey_Mouse_LN.jpg,"Mouse lymph node: CD45 (grey, catalog number 103144)",e8e0fabc8fcf9a6d0dd6d9543a535a89,['CD45_AF594/0000-0002-1461-0999.md']
CD64_AF647/CD64_AF647_Grey_Mouse_LN.jpg,"Mouse lymph node: CD64 (grey, catalog number 139322)",0a8e934ad6cc1de5091f8710a9ed41a9,['CD64_AF647/0000-0002-1461-0999.md']
CD81_PE/CD81_PE_Grey_Mouse_LN.jpg,"Mouse lymph node: CD81 (grey, catalog number 104905)",aa8dfb29dc0bf9db5e1cc5dfbc24741f,['CD81_PE/0000-0002-8909-5039.md']
IgD_BV510/IgD_BV510_Green_B220_AF647_Blue_Mouse_LN.jpg,"Mouse lymph node: IgD (green, catalog number 405723) and B220 (blue, catalog number 103226)",cb40bddb73e073c692e25d967d92c70f,['IgD_BV510/0000-0002-1461-0999.md']
Ki-67_AF488/Ki67_AF488_Grey_Mouse_LN.jpg,"Mouse lymph node: Ki67 (grey, catalog number 558616)",5638e7e89b73d31bc55b1dece18752fc,['Ki-67_AF488/0000-0002-1461-0999.md']
Pax5_AF647/Pax5_AF647_Margenta_CD3_AF488_Cyan_Mouse_LN.jpg,"Mouse lymph node: Pax5 (magenta, catalog number 649704) and CD3 (cyan, catalog number 100210)",74a7a3125d784c1bdcc0f84fad9f96dc,['Pax5_AF647/0000-0002-1461-0999.md']
CD4_Unconjugated/Canine_Lymph_node_CD4_MA5-28357_A48272.jpg,"Canine lymph node FFPE: CD4 (magenta, catalog number MA5-28357 and A48272)",ac6a7bf35468a9b4c3456c6a8375207f,['CD4_Unconjugated/0000-0001-5088-7808.md']
CD3_Unconjugated/Canine_Lymph_node_CD3_ab16669_A21432.jpg,"Canine lymph node FFPE: CD3 (orange, catalog number ab16669 and A21432)",5517497d721b57539734169e76af2ddf,['CD3_Unconjugated/0000-0001-5088-7808.md']
Lumican_Unconjugated/Canine_Lymph_node_Lumican_AF2846_A21447.jpg,"Canine lymph node FFPE: Lumican (magenta, catalog number AF2846 and A21447)",7888eff9f365dbbc6072f93d1499e462,['Lumican_Unconjugated/0000-0001-5088-7808.md']
Cytokeratin__Pan__AF488/Canine_Melanoma_Skin_PanCytokeratin_53_9003_80_Lumican_AF2846_A-21447_aSMA_41-9760-82_Hoechst.jpg,"Canine melanoma skin FFPE: Lumican (blue, catalog number AF2846 and A-21447), a-SMA (magenta, catalog number 41-9760-82), pan-cytokeratin (green, catalog number 53-9003-80), and Hoechst (yellow, catalog number 40046)",540bbad822f84a39735d334ecb9e6732,"['Goat_IgG__H+L__AF647/0000-0001-5088-7808.md','Lumican_Unconjugated/0000-0001-5088-7808.md','Cytokeratin__Pan__AF488/0000-0001-5088-7808.md']"
Alpha_smooth_muscle_actin_eF570/Canine_Melanoma_Skin_PanCytokeratin_53_9003_80_aSMA_41-9760-82.jpg,"Canine melanoma skin FFPE: a-SMA (magenta, catalog number 41-9760-82) and pan-cytokeratin (green, catalog number 53-9003-80)",a242651ab6f3e46a01d63a1588b00f23,['Alpha_smooth_muscle_actin_eF570/0000-0001-5088-7808.md']
CD11b_Unconjugated/Canine_Lymph_node_CD11b_MA5-16604_A21203.jpg,"Canine lymph node FFPE: CD11b (red, catalog number MA5-16604 and A21203)",af6084114f8c07765c5ff331df02ad0c,['CD11b_Unconjugated/0000-0001-5088-7808.md']
CD68_iF594/Canine_Melanoma_Skin_PanCytokeratin_53_9003_80_CD68_iF594_1064136_Hoechst.jpg,"Canine melanoma skin FFPE: CD68 (magenta but no signal, catalog number 1064136), pan-cytokeratin (green, catalog number 53-9003-80), and Hoechst (blue, catalog number 40046)",0b2c4fb8905c578130699bd819dd3299,['CD68_iF594/0000-0001-5088-7808.md']
Alpha_smooth_muscle_actin_AF488/Canine_Lymph_node_aSMA_AF488_53-9760-82.jpg,"Canine lymph node FFPE: a-SMA (green, catalog number 53-9760-82)",31ea54cd7ba459773db31bec4be4b4a6,['Alpha_smooth_muscle_actin_AF488/0000-0001-5088-7808.md']
LYVE-1_Unconjugated/Canine_Melanoma_Skin_LYVE1_AF2089_A-21447_HLADR_iF594_ab176408.jpg,"Canine lymph node FFPE: LYVE1 (magenta, catalog number AF2089 and A21203) and HLA-DR (blue, catalog number ab176408)",06b71997b0ee1885dcd14aa0c46e77ab,"['HLA-DR_iF594/0000-0001-5088-7808.md','LYVE-1_Unconjugated/0000-0001-5088-7808.md']"
PNL-2_Unconjugated/Canine_Melanoma_Skin_PanCytokeratin_53_9003_80_PNL2_MSM1-894-P0_A21203.jpg,"Canine melanoma skin FFPE: PNL2 (cyan, catalog number MSM1-894-P0 and A21203) and pan-cytokeratin (blue, catalog number 53-9003-80)",82ab32f5c2b972d327b4b8fa187c1e0c,"['PNL-2_Unconjugated/0000-0001-5088-7808.md','Mouse_IgG__H+L__AF594/0000-0001-5088-7808.md']"
CD20_eF615/Canine_Lymph_node_CD20_eF615_42-0202-82.jpg,"Canine lymph node FFPE: CD20 (red, catalog number 42-0202-82)",3813906f2dc83e6d99a24a77e5d6d2f0,['CD20_eF615/0000-0001-5088-7808.md']
Melan-A_Unconjugated/Canine_Melanoma_Skin_MelanA_2315-MSM12-P1_A31570_Hoechst.jpg,"Canine melanoma skin FFPE: Melan-A (red, catalog number 2315-MSM12-P1 and A31570) and Hoechst (cyan, catalog number 40046)",325511038b9bc4957fbbf48b9f221804,['Melan-A_Unconjugated/0000-0001-5088-7808.md']
CD20_eF660/NHP_spleen_CD20_eF660_50-0202-82_CD49a_AF555_ab243032_A-31570.jpg,"NHP spleen: CD20 (magenta, catalog number 50-0202-82) and CD49a (cyan, catalog number ab243032 and A-31570)",e02aad100842aea407edddaab36387d2,"['CD20_eF660/0009-0004-2746-8743.md', 'CD49a_Unconjugated/0009-0004-2746-8743.md','Mouse_IgG__H+L__AF555/0009-0004-2746-8743.md']"
Alpha_smooth_muscle_actin_AF488/NHP_spleen_CD20_eF660_50-0202-82_aSMA_AF488_53-9760-82.jpg,"NHP spleen: CD20 (magenta, catalog number 50-0202-82) and a-SMA (green, catalog number 53-9760-82)",300f9a8edcb87cfb06314a5408ffed48,['Alpha_smooth_muscle_actin_AF488/0009-0004-2746-8743.md']
Hoechst_33342_NA/NHP_spleen_Hoechst_CD49a_AF555_ab243032_A-31570.jpg,"NHP spleen: Hoechst (red, catalog number 40046) and CD49a (cyan, catalog number ab243032 and A-31570)",5855d8f0c247b7b6ef1d8002c6eb831d,['Hoechst_33342_NA/0009-0004-2746-8743.md']
TCR_gamma_delta_PE/Human_thymus_TCRgd_PE_331210_Keratin5_AF532_custom.jpg,"Human thymus: TCRgammadelta (magenta, catalog number 331210) and Keratin 5 (green, catalog number based on 905504)",198a5d1e9164ce952199fc8ffa853be9,"['TCR_gamma_delta_PE/0000-0003-4379-8967.md', 'Keratin_5_AF532/0000-0003-4379-8967.md']"
Cytokeratin__Pan__AF700/Human_tonsil_FFPE_CD20_eF615_42-0202-82_pan_cytokeratin_AF700_NBP2-33200AF700.jpg,"Human tonsil FFPE: CD20 (cyan, catalog number 42-0202-82) and pan-Cytokeratin (yellow, catalog number NBP2-33200AF700)",48c03e73fd89cacc74477109aec27182,['Cytokeratin__Pan__AF700/0000-0001-9561-4256.md']
HLA-DR_AF532/Human_tonsil_FFPE_HLADR_AF532_NB600-989AF532-0.1ml_pan_cytokeratin_AF700_NBP2-33200AF700.jpg,"Human tonsil FFPE: HLA-DR (blue, catalog number NB600-989AF532-0.1ml) and pan-Cytokeratin (yellow, catalog number NBP2-33200AF700)",e073aa46234926f1b9670e6f6e95c591,['HLA-DR_AF532/0000-0001-9561-4256.md']
CD45_Spark_YG_570/Mouse_LN_CD45_SparkYG570_103172_Hoechst.jpg,"Mouse LN: CD45 (orange, catalog number 103172) and Hoechst (blue, catalog number 40046)",b093c479813fe8cb6bf94cfccb60e4a5,['CD45_Spark_YG_570/0000-0003-4379-8967.md']
CD45_AF532/Human_jejunum_CD45_AF532_58-0459-41_EpCAM_AF594_324228.jpg,"Human jejunum: CD45 (cyan, catalog number 58-0459-41) and EpCAM (blue, catalog number 324228)",cf3ca2447731edeace8295710df28395,"['CD45_AF532/0000-0003-4379-8967.md', 'EpCAM_AF594/0000-0003-4379-8967.md']"
Tubulin_beta-3_chain_BV421/Human_jejunum_BetaTub3_BV421_657412_EpCAM_AF594_324228.jpg,"Human jejunum: Tubulin beta-3 (orange, catalog number 657412) and EpCAM (blue, catalog number 324228)",670672e35c35dde9fcb20030ae79995a,['Tubulin_beta-3_chain_BV421/0000-0003-4379-8967.md']
CD3_BV510/Human_jejunum_CD3_BV510_300448_CollIV_ab6586_AF700_A-21038_EpCAM_AF594_324228.jpg,"Human jejunum: CD3 (red, catalog number 300448), Collagen IV (white, catalog number ab6586 and A-21038), and EpCAM (blue, catalog number 324228)",522d1d7aae6201855ff955899fe7d49f,"['CD3_BV510/0000-0003-4379-8967.md', 'Collagen_IV_Unconjugated/0000-0003-4379-8967.md','Rabbit_IgG__H+L__AF700/0000-0003-4379-8967.md']"
HLA-DR_AF647/Human_jejunum_HLADR_AF647_307622_EpCAM_AF594_324228.jpg,"Human jejunum: HLA-DR (pink, catalog number 307622) and EpCAM (blue, catalog number 324228)",4ac8a9d8cccce6f40c186768939373e2,['HLA-DR_AF647/0000-0003-4379-8967.md']
CXCR3_AF700/Human_tonsil_FFPE_CXCR3_561320.jpg,"Human tonsil FFPE: CXCR3 (cyan, catalog number 561320)",c4027bd483c1b1930bd1e5b73c29eb06,['CXCR3_AF700/0000-0002-6604-2065.md']
CD4_AF488/Human_tonsil_FFPE_CD4_AF488_FAB8165G.jpg,"Human tonsil FFPE: CD4 (green, catalog number FAB8165G)",37fcddd186b1279f72570872be797e13,['CD4_AF488/0000-0002-6604-2065.md']
CXCR3_AF700/Human_Tonsil_FFPE_CXCR3_FAB160N.jpg,"Human tonsil FFPE: CXCR3 (cyan, catalog number FAB160N)",282723d37e8b3bfc2fe3a57fa805f7bc,['CXCR3_AF700/0000-0002-6604-2065.md']
CD20_eF615/Human_Tonsil_FFPE_CD20_eF615_42-0202-82.jpg,"Human tonsil FFPE: CD20 (red, catalog number 42-0202-82)",77e6ac7e3a9009daa030e9f17c118f0c,['CD20_eF615/0000-0002-6604-2065.md']
E-cadherin_AF647/Ecadherin_Yellow_DAPI_Cyan_EpCAM_Blue.jpg,"Human Nasal Polyp: E-Cadherin (yellow, catalog number 147307), EpCAM (blue, catalog number 324228) and DAPI (cyan)",9b79c06f612c26ba7af3cb03c4e21298,['E-cadherin_AF647/0009-0004-8162-409X.md']
E-cadherin_AF647/Ecadherin_Yellow_DAPI_Cyan.jpg,"Human Nasal Polyp: E-Cadherin (yellow, catalog number 147307), and DAPI (cyan)",4dc47ddf0a00a3ad872b91ba448f914a,['E-cadherin_AF647/0009-0004-8162-409X.md']
Phospho-SMAD3_Unconjugated/pSMAD3_AF647_Human_Lung.jpg,"Human lung (Idiopathic Pulmonary Fibrosis) FFPE: Phospho-SMAD3 (magenta) and DAPI (blue)",944bcbc69d59d8973393e9c7c04239d2,['Phospho-SMAD3_Unconjugated/0000-0002-8728-1735.md']
CD3_AF532/Mouse_tumor_CD3_58-0032-80_CD45-103128.jpg,"Mouse tumor: CD3 (cyan, catalog number 58-0032-80) and CD45 (yellow, catalog number 103128)",fffc63b0307e56a20f9d7564ee5b84a5,"['CD3_AF532/0009-0007-0646-7946.md', 'CD45_AF700/0009-0007-0646-7946.md']"
CD11b_AF488/Mouse_tumor_CD11b_117312_CD11c_101217.jpg,"Mouse tumor: CD11c (cyan, catalog number 117312) and CD11b (yellow, catalog number 101217)",1df7b3063e259b3b6dc0a9a658720178,"['CD11b_AF488/0009-0007-0646-7946.md', 'CD11c_AF647/0009-0007-0646-7946.md']"
CD206_AF488/Mouse_tumor_CD206_141710_CD3_557869.jpg,"Mouse tumor: CD206 (yellow, catalog number 141710) and CD3 (white, catalog number 557869)",e2add3bfcb443348402be37fafe59820,"['CD206_AF488/0009-0007-0646-7946.md', 'CD3_AF647/0009-0007-0646-7946.md']"
Cytokeratin_AF488/Mouse_tumor_Cytokeratin_628608_SIRPalpha_144027.jpg,"Mouse tumor: Cytokeratin (yellow, catalog number 628608) and SIRPalpha (white, catalog number 144027)",33e8fcccbc2a85f5d24b3472b2f99fc2,"['Cytokeratin_AF488/0009-0007-0646-7946.md', 'SIRPalpha_AF647/0009-0007-0646-7946.md']"
CD11b_AF594/Mouse_tumor_CD11b_101254_Vimentin_699305.jpg,"Mouse tumor: CD11b (yellow, catalog number 101254) and Vimentin (cyan, catalog number 699305)",1973e63c7b04db8d0bafe5789f2f71c7,"['CD11b_AF594/0009-0007-0646-7946.md', 'Vimentin_AF488/0009-0007-0646-7946.md']"
CD8_AF647/Mouse_tumor_CD8_100724_CD44_104410C1.jpg,"Mouse tumor: CD8 (yellow, catalog number 100724) and CD44 (white, catalog number 104410C1)",594bc8cf83d3a195fc6639d8f772ccde,"['CD8_AF647/0009-0007-0646-7946.md', 'CD44_iF594/0009-0007-0646-7946.md']"
SMAD3_Unconjugated/SMAD3_AF647_Human_Lung.jpg,"Human lung (Idiopathic Pulmonary Fibrosis) FFPE: SMAD3 (magenta) and DAPI (blue)",89bb51e62a1bd1d537ce29e62858229d,['SMAD3_Unconjugated/0000-0002-8728-1735.md']
Phospho-TAK1_Unconjugated/pTAK1_AF647_Human_Lung.jpg,"Human lung (Idiopathic Pulmonary Fibrosis) FFPE: Phospho-TAK1 (magenta) and DAPI (blue)",e5cbab57d170e700a914623d0deed463,['Phospho-TAK1_Unconjugated/0000-0002-8728-1735.md']
VWF_Unconjugated/VWF_AF647_Human_Lung.jpg,"Human lung (Idiopathic Pulmonary Fibrosis) FFPE: VWF (magenta) and DAPI (blue)",136e21ff420ff599b750f08615dc61bb,['VWF_Unconjugated/0000-0002-8728-1735.md']
UCHL1_Unconjugated/UCHL1_AF647_Human_Lung.jpg,"Human lung (Idiopathic Pulmonary Fibrosis) FFPE: UCHL1 (magenta) and DAPI (blue)",3362f493ee47f52a64393722f451081b,['UCHL1_Unconjugated/0000-0002-8728-1735.md']
SMAD2_Unconjugated/SMAD2_AF647_Human_Lung.jpg,"Human lung (Idiopathic Pulmonary Fibrosis) FFPE: SMAD2 (magenta) and DAPI (blue)",71b83e5a91ee19fac9799d821601215a,['SMAD2_Unconjugated/0000-0002-8728-1735.md']
TAK1_Unconjugated/TAK1_AF488_Human_Lung.jpg,"Human lung (Idiopathic Pulmonary Fibrosis) FFPE: TAK1 (green) and DAPI (blue)",8b90fe4e4d22d782bdbf61937c10d372,['TAK1_Unconjugated/0000-0002-8728-1735.md']
Podoplanin_Unconjugated/Podoplanin_AF647_Human_Lung.jpg,"Human lung (Idiopathic Pulmonary Fibrosis) FFPE: Podoplanin (magenta) and DAPI (blue)",0dfdae7b6b81fe9a76805bb68fb65a9b,['Podoplanin_Unconjugated/0000-0002-8728-1735.md']
Phospho-SMAD1_5_Unconjugated/pSMAD1-5_AF647_Human_Lung.jpg,"Human lung (Idiopathic Pulmonary Fibrosis) FFPE: Phospho-SMAD1/5 (magenta) and DAPI (blue)",d7afba5084dba3992b4afbdf8b3fc901,['Phospho-SMAD1_5_Unconjugated/0000-0002-8728-1735.md']
TGFBR2_Unconjugated/TGFBR2_AF647_Human_Lung.jpg,"Human lung (Idiopathic Pulmonary Fibrosis) FFPE: TGFBR2 (magenta) and DAPI (blue)",896ea55bacf80d87e7d96ea93fc3e311,['TGFBR2_Unconjugated/0000-0002-8728-1735.md']